point_id,seg_id,lat,lon,can_type,prj_name
SEG_a6bc0c4e9c_008,SEG_a6bc0c4e9c,10.807303481284142,78.6759482132357,Main Canal,Kattalai
SEG_9f2427753f_002,SEG_9f2427753f,10.968439620890711,79.04922154518762,Minor,Pullambadi Canal
SEG_8617c9691a_054,SEG_8617c9691a,10.902246183186453,78.66246059289851,Main Canal,Pullambadi Canal
SEG_25c908c020_000,SEG_25c908c020,10.7343860132231,79.18182829597679,Branch Canal,Cauvery Mettur
SEG_86f3014737_016,SEG_86f3014737,10.923903400924198,79.01807673838296,Minor,Pullambadi Canal
SEG_a06761095b_003,SEG_a06761095b,10.972453214353632,79.07006766041496,Minor,Pullambadi Canal
SEG_ce0fc58284_003,SEG_ce0fc58284,11.374732665652076,79.69428497310388,Main Canal,Lower Colleron Anicut System
SEG_96f3f88334_001,SEG_96f3f88334,10.94133853443128,78.91508196599389,Distributary,Pullambadi Canal
SEG_da34fcab83_011,SEG_da34fcab83,10.632615530028604,79.23689257966826,Branch Canal,Cauvery Mettur
SEG_f196fc8d93_016,SEG_f196fc8d93,11.154168017551402,79.47497989612302,Main Canal,Lower Colleron Anicut System
SEG_6f24fed444_008,SEG_6f24fed444,10.805724435244857,78.98780705476965,Minor,Cauvery Mettur
SEG_a1c305460e_116,SEG_a1c305460e,10.473696885626609,79.41296245874355,Branch Canal,Cauvery Mettur
SEG_079fe720bb_011,SEG_079fe720bb,11.334826126612764,79.61325717224682,Minor,Lower Colleron Anicut System
SEG_a1c305460e_044,SEG_a1c305460e,10.552991555323535,79.32237705441543,Branch Canal,Cauvery Mettur
SEG_073be8e241_051,SEG_073be8e241,11.219256928556211,79.60792985744797,Main Canal,Lower Colleron Anicut System
SEG_aa94cb0ab4_019,SEG_aa94cb0ab4,11.35906382480824,79.57752872175877,Minor,Lower Colleron Anicut System
SEG_121ad386ef_122,SEG_121ad386ef,10.930540431300292,78.76876136860665,Main Canal,Pullambadi Canal
SEG_c60cbfef2b_299,SEG_c60cbfef2b,10.898110200178456,78.4157926411899,Main Canal,Kattalai
SEG_39fd14b825_077,SEG_39fd14b825,11.216524258612642,79.56336108018249,Main Canal,Lower Colleron Anicut System
SEG_591cf61356_007,SEG_591cf61356,10.82673796896964,78.90556015692997,Main Canal,Cauvery Delta System
SEG_e2bc7d7ff0_042,SEG_e2bc7d7ff0,10.772688908739038,79.23056409164587,Distributary,Cauvery Mettur
SEG_f2fafdf6e9_147,SEG_f2fafdf6e9,10.405274290986531,79.38398412291201,Distributary,Cauvery Mettur
SEG_079fe720bb_019,SEG_079fe720bb,11.333777115972822,79.59943278257718,Minor,Lower Colleron Anicut System
SEG_e9c2917a22_023,SEG_e9c2917a22,11.365661310559254,79.60563331734608,Minor,Lower Colleron Anicut System
SEG_401afa7a54_045,SEG_401afa7a54,10.73222904071917,79.25085213317742,Distributary,Cauvery Mettur
SEG_a1c305460e_062,SEG_a1c305460e,10.538391477431398,79.34889852581937,Branch Canal,Cauvery Mettur
SEG_7704d19b24_012,SEG_7704d19b24,11.344927494072024,79.60390357542198,Minor,Lower Colleron Anicut System
SEG_edd59143a1_033,SEG_edd59143a1,10.71301774467478,78.74967854108887,Main Canal,Kattalai
SEG_073be8e241_049,SEG_073be8e241,11.217250985410498,79.60490443501385,Main Canal,Lower Colleron Anicut System
SEG_e9c2917a22_041,SEG_e9c2917a22,11.364780459482784,79.63456485818703,Minor,Lower Colleron Anicut System
SEG_d703f4c9a0_018,SEG_d703f4c9a0,10.695421525288753,79.21336846112287,Branch Canal,Cauvery Mettur
SEG_591cf61356_026,SEG_591cf61356,10.832153485830936,78.93957462729284,Main Canal,Cauvery Delta System
SEG_a1c305460e_047,SEG_a1c305460e,10.550398358274029,79.32714743919972,Branch Canal,Cauvery Mettur
SEG_a1c305460e_077,SEG_a1c305460e,10.518619445558803,79.36495638696093,Branch Canal,Cauvery Mettur
SEG_c60cbfef2b_268,SEG_c60cbfef2b,10.867937610462969,78.43600024571914,Main Canal,Kattalai
SEG_f2fafdf6e9_076,SEG_f2fafdf6e9,10.51127546569406,79.34202202626314,Distributary,Cauvery Mettur
SEG_d703f4c9a0_032,SEG_d703f4c9a0,10.67167748056278,79.22171657703029,Branch Canal,Cauvery Mettur
SEG_401afa7a54_037,SEG_401afa7a54,10.738039018576126,79.23777029047817,Distributary,Cauvery Mettur
SEG_a1c305460e_017,SEG_a1c305460e,10.58315969452306,79.28798447839631,Branch Canal,Cauvery Mettur
SEG_53bbb573d8_002,SEG_53bbb573d8,11.13912883613756,79.48071662053067,Distributary,Cauvery Delta System
SEG_401afa7a54_001,SEG_401afa7a54,10.740504009486452,79.18056428466252,Distributary,Cauvery Mettur
SEG_401afa7a54_034,SEG_401afa7a54,10.742009773504556,79.23431089493319,Distributary,Cauvery Mettur
SEG_5b899e1ac3_006,SEG_5b899e1ac3,10.940020732139768,78.98142826030174,Minor,Pullambadi Canal
SEG_a1c305460e_095,SEG_a1c305460e,10.499177583831592,79.38864373104215,Branch Canal,Cauvery Mettur
SEG_83c2fdf8de_020,SEG_83c2fdf8de,10.631885565815358,79.25652386876652,Distributary,Cauvery Mettur
SEG_da34fcab83_028,SEG_da34fcab83,10.605266309639518,79.24460162887429,Branch Canal,Cauvery Mettur
SEG_e9c2917a22_005,SEG_e9c2917a22,11.364122033034937,79.57293439214695,Minor,Lower Colleron Anicut System
SEG_6b76dc62cd_002,SEG_6b76dc62cd,10.953926765644672,79.02660389621613,Minor,Pullambadi Canal
SEG_83c2fdf8de_031,SEG_83c2fdf8de,10.621499182298171,79.2711176757653,Distributary,Cauvery Mettur
SEG_7624012b29_020,SEG_7624012b29,10.91331192713266,78.73545321120845,Minor,Pullambadi Canal
SEG_121ad386ef_146,SEG_121ad386ef,10.927744355257444,78.80868235125968,Main Canal,Pullambadi Canal
SEG_c60cbfef2b_151,SEG_c60cbfef2b,10.816501894815913,78.55573132091695,Main Canal,Kattalai
SEG_aa94cb0ab4_006,SEG_aa94cb0ab4,11.35800454933623,79.55386503686755,Minor,Lower Colleron Anicut System
SEG_401afa7a54_023,SEG_401afa7a54,10.743711616772147,79.21518737368652,Distributary,Cauvery Mettur
SEG_88870b49a3_083,SEG_88870b49a3,11.185242556552582,79.59286515096625,Main Canal,Cauvery Delta System
SEG_9c8e94a07f_017,SEG_9c8e94a07f,11.398633224383747,79.56130014990929,Minor,Lower Colleron Anicut System
SEG_e2bc7d7ff0_023,SEG_e2bc7d7ff0,10.770183192603696,79.19946713517542,Distributary,Cauvery Mettur
SEG_7271aaebf7_012,SEG_7271aaebf7,10.91273021170602,78.94338979214332,Distributary,Pullambadi Canal
SEG_282a67d30a_015,SEG_282a67d30a,10.976414107024048,79.08216019217782,Main Canal,Pullambadi Canal
SEG_a1c305460e_114,SEG_a1c305460e,10.475109234803575,79.40958346013024,Branch Canal,Cauvery Mettur
SEG_cd7be71fc9_008,SEG_cd7be71fc9,11.38013586459557,79.54624296474933,Minor,Lower Colleron Anicut System
SEG_a1c305460e_040,SEG_a1c305460e,10.559858873840836,79.32145654496509,Branch Canal,Cauvery Mettur
SEG_da34fcab83_008,SEG_da34fcab83,10.63652993376371,79.23290859555418,Branch Canal,Cauvery Mettur
SEG_3e35ae4113_100,SEG_3e35ae4113,11.392475609357692,79.43118579032206,Main Canal,Pelandhurai Anicut System
SEG_121ad386ef_047,SEG_121ad386ef,10.909497176319658,78.65722067187114,Main Canal,Pullambadi Canal
SEG_a1c305460e_074,SEG_a1c305460e,10.523366597213627,79.36273476560973,Branch Canal,Cauvery Mettur
SEG_a1c305460e_026,SEG_a1c305460e,10.575649073315,79.30199992610167,Branch Canal,Cauvery Mettur
SEG_079fe720bb_024,SEG_079fe720bb,11.333493529219623,79.59058034367239,Minor,Lower Colleron Anicut System
SEG_a1c305460e_034,SEG_a1c305460e,10.566303202857464,79.31310891015265,Branch Canal,Cauvery Mettur
SEG_c60cbfef2b_046,SEG_c60cbfef2b,10.713916389321575,78.64856417715957,Main Canal,Kattalai
SEG_fef0b61042_133,SEG_fef0b61042,11.33853306743891,79.81146748195398,Distributary,Lower Colleron Anicut System
SEG_353f0ceeb7_019,SEG_353f0ceeb7,10.762612063080429,78.72149694980105,Distributary,Kattalai
SEG_6b76dc62cd_000,SEG_6b76dc62cd,10.952937182608318,79.02292313977475,Minor,Pullambadi Canal
SEG_88870b49a3_061,SEG_88870b49a3,11.170381585081545,79.55903033481366,Main Canal,Cauvery Delta System
SEG_fef0b61042_027,SEG_fef0b61042,11.262847153717116,79.68091073109362,Distributary,Lower Colleron Anicut System
SEG_86f3014737_005,SEG_86f3014737,10.923188501645829,78.99851816839515,Minor,Pullambadi Canal
SEG_bb499c3137_000,SEG_bb499c3137,10.968068843518234,79.16712222922304,Distributary,Pullambadi Canal
SEG_401afa7a54_008,SEG_401afa7a54,10.749204514001708,79.18895079246921,Distributary,Cauvery Mettur
SEG_a1c305460e_022,SEG_a1c305460e,10.580428472784902,79.29647452587972,Branch Canal,Cauvery Mettur
SEG_a6bc0c4e9c_118,SEG_a6bc0c4e9c,10.747947020722584,78.74952816619918,Main Canal,Kattalai
SEG_a6bc0c4e9c_045,SEG_a6bc0c4e9c,10.81470109477769,78.72227708509755,Main Canal,Kattalai
SEG_edd59143a1_026,SEG_edd59143a1,10.70658401253504,78.7604620635551,Main Canal,Kattalai
SEG_a1c305460e_006,SEG_a1c305460e,10.587378144823807,79.26845362208806,Branch Canal,Cauvery Mettur
SEG_fef0b61042_040,SEG_fef0b61042,11.27601284507123,79.69486994807373,Distributary,Lower Colleron Anicut System
SEG_f2fafdf6e9_150,SEG_f2fafdf6e9,10.400128924160128,79.38454981331681,Distributary,Cauvery Mettur
SEG_fef0b61042_096,SEG_fef0b61042,11.298112845061716,79.78612548792235,Distributary,Lower Colleron Anicut System
SEG_83c2fdf8de_030,SEG_83c2fdf8de,10.622634245640988,79.2696777155332,Distributary,Cauvery Mettur
SEG_fef0b61042_068,SEG_fef0b61042,11.291953215128608,79.73624309428494,Distributary,Lower Colleron Anicut System
SEG_25c908c020_005,SEG_25c908c020,10.733144548341672,79.19091174506049,Branch Canal,Cauvery Mettur
SEG_d703f4c9a0_001,SEG_d703f4c9a0,10.723702389510272,79.21640503603452,Branch Canal,Cauvery Mettur
SEG_5f65ee822b_005,SEG_5f65ee822b,10.943253774459825,78.94264471615736,Main Canal,Pullambadi Canal
SEG_185d2295bb_006,SEG_185d2295bb,10.92338937486679,78.9198634983757,Distributary,Pullambadi Canal
SEG_a1c305460e_086,SEG_a1c305460e,10.508746903250074,79.376176928156,Branch Canal,Cauvery Mettur
SEG_a06761095b_006,SEG_a06761095b,10.970312902077255,79.07490476106052,Minor,Pullambadi Canal
SEG_a1c305460e_035,SEG_a1c305460e,10.565408317815706,79.31470531357873,Branch Canal,Cauvery Mettur
SEG_a1c305460e_118,SEG_a1c305460e,10.471761169230511,79.41601211903138,Branch Canal,Cauvery Mettur
SEG_c60cbfef2b_247,SEG_c60cbfef2b,10.879276104499104,78.46304442152514,Main Canal,Kattalai
SEG_121ad386ef_082,SEG_121ad386ef,10.907717397677857,78.71022220332202,Main Canal,Pullambadi Canal
SEG_51a7a3bc3e_010,SEG_51a7a3bc3e,11.323385184484804,79.59704049724198,Minor,Lower Colleron Anicut System
SEG_a1c305460e_013,SEG_a1c305460e,10.583942734549291,79.28068810801267,Branch Canal,Cauvery Mettur
SEG_7704d19b24_026,SEG_7704d19b24,11.34331497127675,79.57924459334075,Minor,Lower Colleron Anicut System
SEG_da34fcab83_020,SEG_da34fcab83,10.617561616032573,79.23975817137807,Branch Canal,Cauvery Mettur
SEG_d703f4c9a0_042,SEG_d703f4c9a0,10.655156396463743,79.22970155171636,Branch Canal,Cauvery Mettur
SEG_c60cbfef2b_190,SEG_c60cbfef2b,10.821287968464462,78.49895479270019,Main Canal,Kattalai
SEG_1ab7a4ec57_001,SEG_1ab7a4ec57,10.791571234378996,78.96357109898304,Minor,Cauvery Mettur
SEG_ea27f9c330_035,SEG_ea27f9c330,11.15897313938025,79.52290724068516,Minor,Cauvery Delta System
SEG_fef0b61042_041,SEG_fef0b61042,11.27717957032429,79.69621664751507,Distributary,Lower Colleron Anicut System
SEG_25c908c020_001,SEG_25c908c020,10.734801776560186,79.18366641672208,Branch Canal,Cauvery Mettur
SEG_ce0fc58284_040,SEG_ce0fc58284,11.408040164956615,79.72869729063565,Main Canal,Lower Colleron Anicut System
SEG_026da372fb_001,SEG_026da372fb,10.93633647511074,78.91832818563324,Distributary,Pullambadi Canal
SEG_edd9d7381d_005,SEG_edd9d7381d,11.121591411206351,79.479060109248,Distributary,Cauvery Delta System
SEG_0287932862_001,SEG_0287932862,10.79302060189868,78.99341599862127,Minor,Cauvery Mettur
SEG_96df9099ec_028,SEG_96df9099ec,10.703942310868324,79.2527091651823,Distributary,Cauvery Mettur
SEG_079fe720bb_021,SEG_079fe720bb,11.333737322881715,79.59593539418539,Minor,Lower Colleron Anicut System
SEG_b0b770d9b2_004,SEG_b0b770d9b2,10.929867547284688,78.90203738576758,Minor,Pullambadi Canal
SEG_667af746c7_004,SEG_667af746c7,10.734859557931625,78.80446047472958,Distributary,Kattalai
SEG_39fd14b825_047,SEG_39fd14b825,11.187776701147232,79.51830876510795,Main Canal,Lower Colleron Anicut System
SEG_073be8e241_075,SEG_073be8e241,11.239734335365624,79.64224775668514,Main Canal,Lower Colleron Anicut System
SEG_320fb56811_020,SEG_320fb56811,10.928328812578885,78.76027531618932,Main Canal,Pullambadi Canal
SEG_56d8344781_008,SEG_56d8344781,10.90342705716735,78.95602240861412,Main Canal,Nandhiyar Channel
SEG_a1c305460e_058,SEG_a1c305460e,10.54103351561222,79.34223505449772,Branch Canal,Cauvery Mettur
SEG_021fc18aaf_007,SEG_021fc18aaf,10.97577163840926,79.03032047551011,Main Canal,Pullambadi Canal
SEG_62ceafc79e_029,SEG_62ceafc79e,11.287899632982402,79.64883904999414,Main Canal,Lower Colleron Anicut System
SEG_cac7a169c7_005,SEG_cac7a169c7,10.693815924500496,78.82654937126094,Main Canal,Kattalai
SEG_edd9d7381d_008,SEG_edd9d7381d,11.126976286664396,79.48000621004944,Distributary,Cauvery Delta System
SEG_9f2427753f_001,SEG_9f2427753f,10.970191461803813,79.05005733655949,Minor,Pullambadi Canal
SEG_a1c305460e_080,SEG_a1c305460e,10.514098732769384,79.36723554149037,Branch Canal,Cauvery Mettur
SEG_fef0b61042_072,SEG_fef0b61042,11.2928188975496,79.74330751451275,Distributary,Lower Colleron Anicut System
SEG_021fc18aaf_000,SEG_021fc18aaf,10.975465759191028,79.02059135442158,Main Canal,Pullambadi Canal
SEG_aa94cb0ab4_005,SEG_aa94cb0ab4,11.357933297297471,79.55202510625064,Minor,Lower Colleron Anicut System
SEG_fef0b61042_098,SEG_fef0b61042,11.301401790438923,79.78622049617093,Distributary,Lower Colleron Anicut System
SEG_fef0b61042_115,SEG_fef0b61042,11.307549556863073,79.81098691893847,Distributary,Lower Colleron Anicut System
SEG_ecfab557d1_092,SEG_ecfab557d1,11.015790278519972,79.3457483260455,Main Canal,Cauvery Delta System
SEG_83c2fdf8de_008,SEG_83c2fdf8de,10.649526610435808,79.24468050143321,Distributary,Cauvery Mettur
SEG_86f3014737_002,SEG_86f3014737,10.92546495924445,78.99338114366527,Minor,Pullambadi Canal
SEG_9f2427753f_004,SEG_9f2427753f,10.96495151676078,79.0475185514155,Minor,Pullambadi Canal
SEG_f196fc8d93_014,SEG_f196fc8d93,11.1512200111048,79.4728975791838,Main Canal,Lower Colleron Anicut System
SEG_39fd14b825_050,SEG_39fd14b825,11.188545893943038,79.52370482489377,Main Canal,Lower Colleron Anicut System
SEG_f60860652b_004,SEG_f60860652b,10.940566720331452,78.9632452939432,Main Canal,Pullambadi Canal
SEG_a1c305460e_053,SEG_a1c305460e,10.548727216957074,79.33787120919507,Branch Canal,Cauvery Mettur
SEG_fef0b61042_094,SEG_fef0b61042,11.29663344315711,79.78348795692284,Distributary,Lower Colleron Anicut System
SEG_fef0b61042_003,SEG_fef0b61042,11.242020235237836,79.65439958364558,Distributary,Lower Colleron Anicut System
SEG_073be8e241_046,SEG_073be8e241,11.213282466859877,79.60111622238004,Main Canal,Lower Colleron Anicut System
SEG_fef0b61042_091,SEG_fef0b61042,11.296096499882696,79.77801027497429,Distributary,Lower Colleron Anicut System
SEG_c60cbfef2b_416,SEG_c60cbfef2b,10.953096538557707,78.25726447503789,Main Canal,Kattalai
SEG_138347af3c_019,SEG_138347af3c,10.99830164499654,79.22782163012597,Minor,Pullambadi Canal
SEG_f2fafdf6e9_020,SEG_f2fafdf6e9,10.567355761103356,79.27352444390051,Distributary,Cauvery Mettur
SEG_f2fafdf6e9_155,SEG_f2fafdf6e9,10.395577016639958,79.39192981881861,Distributary,Cauvery Mettur
SEG_a1c305460e_117,SEG_a1c305460e,10.472926103217912,79.41460524434218,Branch Canal,Cauvery Mettur
SEG_e2bc7d7ff0_035,SEG_e2bc7d7ff0,10.769102831984435,79.21975876766899,Distributary,Cauvery Mettur
SEG_ea27f9c330_001,SEG_ea27f9c330,11.134624134108265,79.48241832094423,Minor,Cauvery Delta System
SEG_2b63e0dfb7_019,SEG_2b63e0dfb7,10.932888399996758,78.89599866120795,Distributary,Pullambadi Canal
SEG_7624012b29_013,SEG_7624012b29,10.903896786948328,78.73874996949463,Minor,Pullambadi Canal
SEG_b3832aff78_024,SEG_b3832aff78,11.1779244247963,79.4740223279993,Main Canal,Lower Colleron Anicut System
SEG_079fe720bb_031,SEG_079fe720bb,11.3329893851317,79.57929679646635,Minor,Lower Colleron Anicut System
SEG_51a7a3bc3e_017,SEG_51a7a3bc3e,11.322693644835809,79.5844627949983,Minor,Lower Colleron Anicut System
SEG_1602f87bf9_000,SEG_1602f87bf9,10.97865984450461,79.05724205066032,Minor,Pullambadi Canal
SEG_a1c305460e_016,SEG_a1c305460e,10.58333946184102,79.28615861653648,Branch Canal,Cauvery Mettur
SEG_591cf61356_023,SEG_591cf61356,10.8326053714119,78.93415846856183,Main Canal,Cauvery Delta System
SEG_83c2fdf8de_009,SEG_83c2fdf8de,10.648563736961975,79.24624349598916,Distributary,Cauvery Mettur
SEG_8617c9691a_106,SEG_8617c9691a,10.907738150418052,78.72750616179768,Main Canal,Pullambadi Canal
SEG_f110ca6aa1_006,SEG_f110ca6aa1,10.737321824630571,78.78258418393375,Main Canal,Kattalai
SEG_da34fcab83_004,SEG_da34fcab83,10.642369983070258,79.22939817826312,Branch Canal,Cauvery Mettur
SEG_a1c305460e_009,SEG_a1c305460e,10.58540229549529,79.2735031692923,Branch Canal,Cauvery Mettur
SEG_a1c305460e_111,SEG_a1c305460e,10.479709467692288,79.40723251944887,Branch Canal,Cauvery Mettur
SEG_fef0b61042_032,SEG_fef0b61042,11.268168209827436,79.68530797750253,Distributary,Lower Colleron Anicut System
SEG_685ff0249e_001,SEG_685ff0249e,10.938980884457882,78.9689047818316,Minor,Pullambadi Canal
SEG_bb172f96d3_007,SEG_bb172f96d3,10.92778686160326,78.9129682656484,Minor,Pullambadi Canal
SEG_cac7a169c7_065,SEG_cac7a169c7,10.712481833101387,78.91123171382556,Main Canal,Kattalai
SEG_a1c305460e_108,SEG_a1c305460e,10.484083778108763,79.40420951054544,Branch Canal,Cauvery Mettur
SEG_e2bc7d7ff0_057,SEG_e2bc7d7ff0,10.759982914680124,79.25208368658328,Distributary,Cauvery Mettur
SEG_121ad386ef_208,SEG_121ad386ef,10.966501213322974,78.89245236456877,Main Canal,Pullambadi Canal
SEG_685ff0249e_013,SEG_685ff0249e,10.928529598117931,78.98657676316813,Minor,Pullambadi Canal
SEG_da34fcab83_003,SEG_da34fcab83,10.644222182438142,79.22944461423569,Branch Canal,Cauvery Mettur
SEG_fef0b61042_042,SEG_fef0b61042,11.278455663186374,79.69740504504814,Distributary,Lower Colleron Anicut System
SEG_7704d19b24_028,SEG_7704d19b24,11.343228453898616,79.57578930057035,Minor,Lower Colleron Anicut System
SEG_353f0ceeb7_009,SEG_353f0ceeb7,10.75027723279605,78.70889192258673,Distributary,Kattalai
SEG_a1c305460e_025,SEG_a1c305460e,10.576835810419464,79.30061150676622,Branch Canal,Cauvery Mettur
SEG_591cf61356_059,SEG_591cf61356,10.832452533027524,78.9984585217841,Main Canal,Cauvery Delta System
SEG_fef0b61042_080,SEG_fef0b61042,11.294117802963386,79.75792707695844,Distributary,Lower Colleron Anicut System
SEG_121ad386ef_135,SEG_121ad386ef,10.926431962124491,78.79032350273927,Main Canal,Pullambadi Canal
SEG_d703f4c9a0_015,SEG_d703f4c9a0,10.700617341358944,79.21158806104394,Branch Canal,Cauvery Mettur
SEG_bb172f96d3_001,SEG_bb172f96d3,10.93544803832114,78.91299686923429,Minor,Pullambadi Canal
SEG_51a7a3bc3e_032,SEG_51a7a3bc3e,11.320056353432108,79.5573466523883,Minor,Lower Colleron Anicut System
SEG_401afa7a54_031,SEG_401afa7a54,10.743576015471826,79.22903158348791,Distributary,Cauvery Mettur
SEG_7704d19b24_016,SEG_7704d19b24,11.344196472104793,79.59672396020463,Minor,Lower Colleron Anicut System
SEG_6f24fed444_003,SEG_6f24fed444,10.798487299705076,78.98528903157182,Minor,Cauvery Mettur
SEG_ecfab557d1_021,SEG_ecfab557d1,10.954731742171992,79.2408786949541,Main Canal,Cauvery Delta System
SEG_f2fafdf6e9_102,SEG_f2fafdf6e9,10.472644890848926,79.35422697253665,Distributary,Cauvery Mettur
SEG_a1c305460e_094,SEG_a1c305460e,10.5006403340233,79.38755711522288,Branch Canal,Cauvery Mettur
SEG_a1c305460e_096,SEG_a1c305460e,10.497613182044429,79.38953493988596,Branch Canal,Cauvery Mettur
SEG_073be8e241_066,SEG_073be8e241,11.234889919442988,79.62783917715886,Main Canal,Lower Colleron Anicut System
SEG_b0b770d9b2_009,SEG_b0b770d9b2,10.92212275253503,78.90655063714493,Minor,Pullambadi Canal
SEG_39fd14b825_087,SEG_39fd14b825,11.218106106130392,79.58120695178117,Main Canal,Lower Colleron Anicut System
SEG_b0b770d9b2_012,SEG_b0b770d9b2,10.916683145146978,78.90621596530848,Minor,Pullambadi Canal
SEG_d703f4c9a0_016,SEG_d703f4c9a0,10.698913921358738,79.21227612348395,Branch Canal,Cauvery Mettur
SEG_c60cbfef2b_353,SEG_c60cbfef2b,10.928491997969417,78.3543439364972,Main Canal,Kattalai
SEG_86f3014737_010,SEG_86f3014737,10.921361513089684,79.00738957295782,Minor,Pullambadi Canal
SEG_da34fcab83_033,SEG_da34fcab83,10.602081019747164,79.25337251048984,Branch Canal,Cauvery Mettur
SEG_aa94cb0ab4_014,SEG_aa94cb0ab4,11.35857713074726,79.5683515902198,Minor,Lower Colleron Anicut System
SEG_d703f4c9a0_030,SEG_d703f4c9a0,10.674926516111316,79.2199938918279,Branch Canal,Cauvery Mettur
SEG_fef0b61042_141,SEG_fef0b61042,11.352378150019208,79.81550920953211,Distributary,Lower Colleron Anicut System
SEG_da34fcab83_013,SEG_da34fcab83,10.62994314469074,79.23948783450861,Branch Canal,Cauvery Mettur
SEG_ce0fc58284_060,SEG_ce0fc58284,11.443069643879117,79.73049955005835,Main Canal,Lower Colleron Anicut System
SEG_a4fd2a6d81_010,SEG_a4fd2a6d81,10.82448888450397,78.89757701031793,Main Canal,Cauvery Mettur
SEG_a6bc0c4e9c_160,SEG_a6bc0c4e9c,10.784990373993484,78.78188581850146,Main Canal,Kattalai
SEG_ea27f9c330_015,SEG_ea27f9c330,11.139716312509425,79.50175609600483,Minor,Cauvery Delta System
SEG_e2c7f2576b_001,SEG_e2c7f2576b,10.968463000506784,79.15399286454753,Distributary,Pullambadi Canal
SEG_a1c305460e_045,SEG_a1c305460e,10.551843676612938,79.32378420782813,Branch Canal,Cauvery Mettur
SEG_bb2d083299_010,SEG_bb2d083299,10.945533347121396,78.99944742377528,Distributary,Pullambadi Canal
SEG_2b63e0dfb7_007,SEG_2b63e0dfb7,10.952623280608028,78.88979014646652,Distributary,Pullambadi Canal
SEG_a6bc0c4e9c_050,SEG_a6bc0c4e9c,10.813269194939586,78.72881990018675,Main Canal,Kattalai
SEG_25c908c020_012,SEG_25c908c020,10.729325140552522,79.20343495629545,Branch Canal,Cauvery Mettur
SEG_a1c305460e_014,SEG_a1c305460e,10.5837578581474,79.28251344705417,Branch Canal,Cauvery Mettur
SEG_aa94cb0ab4_021,SEG_aa94cb0ab4,11.359297681904184,79.58120042591887,Minor,Lower Colleron Anicut System
SEG_a1c305460e_012,SEG_a1c305460e,10.584221799037428,79.278875323401,Branch Canal,Cauvery Mettur
SEG_a1c305460e_015,SEG_a1c305460e,10.5835464379381,79.28433578886909,Branch Canal,Cauvery Mettur
SEG_079fe720bb_033,SEG_079fe720bb,11.332695432818786,79.57572263780617,Minor,Lower Colleron Anicut System
SEG_c60cbfef2b_370,SEG_c60cbfef2b,10.940966534860062,78.3270522702362,Main Canal,Kattalai
SEG_a1c305460e_042,SEG_a1c305460e,10.556281436819264,79.32157696143129,Branch Canal,Cauvery Mettur
SEG_fef0b61042_139,SEG_fef0b61042,11.348864705033,79.81461726559431,Distributary,Lower Colleron Anicut System
SEG_ea27f9c330_014,SEG_ea27f9c330,11.138534779966449,79.5004732798678,Minor,Cauvery Delta System
SEG_aa94cb0ab4_016,SEG_aa94cb0ab4,11.358788723974977,79.57202254025003,Minor,Lower Colleron Anicut System
SEG_b706dc4edc_054,SEG_b706dc4edc,10.882074620828186,78.68057792428272,Main Canal,Pullambadi Canal
SEG_da34fcab83_019,SEG_da34fcab83,10.619413596031622,79.23975141450971,Branch Canal,Cauvery Mettur
SEG_51a7a3bc3e_012,SEG_51a7a3bc3e,11.323163321731675,79.59348674934509,Minor,Lower Colleron Anicut System
SEG_f9f9b10fbf_008,SEG_f9f9b10fbf,10.730971619948493,78.73847132289607,Distributary,Kattalai
SEG_f2fafdf6e9_057,SEG_f2fafdf6e9,10.530046902471602,79.31587167606197,Distributary,Cauvery Mettur
SEG_62ceafc79e_013,SEG_62ceafc79e,11.260999943318788,79.65648566025794,Main Canal,Lower Colleron Anicut System
SEG_ce0fc58284_047,SEG_ce0fc58284,11.420558220937249,79.72799841500785,Main Canal,Lower Colleron Anicut System
SEG_a1c305460e_069,SEG_a1c305460e,10.529093845373875,79.35562048045425,Branch Canal,Cauvery Mettur
SEG_9b47901941_010,SEG_9b47901941,10.95608969316702,79.01961256449724,Minor,Pullambadi Canal
SEG_86f3014737_012,SEG_86f3014737,10.921914550118432,79.01110082239289,Minor,Pullambadi Canal
SEG_e419b61ba5_003,SEG_e419b61ba5,11.368726897194732,79.55764027224522,Minor,Lower Colleron Anicut System
SEG_c60cbfef2b_086,SEG_c60cbfef2b,10.748318981160445,78.61172184786079,Main Canal,Kattalai
SEG_a1c305460e_106,SEG_a1c305460e,10.485471546238552,79.40088444354295,Branch Canal,Cauvery Mettur
SEG_da34fcab83_037,SEG_da34fcab83,10.599236698844384,79.26023840881514,Branch Canal,Cauvery Mettur
SEG_c1a0050c39_009,SEG_c1a0050c39,10.93003563323534,78.93372153131955,Distributary,Pullambadi Canal
SEG_ea27f9c330_025,SEG_ea27f9c330,11.14612101982813,79.51460305741715,Minor,Cauvery Delta System
SEG_046fa3bf86_003,SEG_046fa3bf86,11.3766316883336,79.54178202824643,Minor,Lower Colleron Anicut System
SEG_9c8e94a07f_009,SEG_9c8e94a07f,11.394948363836848,79.54789576394087,Minor,Lower Colleron Anicut System
SEG_a6bc0c4e9c_074,SEG_a6bc0c4e9c,10.795676181445808,78.73911218142521,Main Canal,Kattalai
SEG_c60cbfef2b_420,SEG_c60cbfef2b,10.954216734779832,78.25003549458559,Main Canal,Kattalai
SEG_a1c305460e_033,SEG_a1c305460e,10.567216418032109,79.31152374595764,Branch Canal,Cauvery Mettur
SEG_138347af3c_034,SEG_138347af3c,10.997715069617993,79.2553948363414,Minor,Pullambadi Canal
SEG_a6bc0c4e9c_041,SEG_a6bc0c4e9c,10.812618672374017,78.71602120279212,Main Canal,Kattalai
SEG_c60cbfef2b_087,SEG_c60cbfef2b,10.750105695033357,78.6117149014495,Main Canal,Kattalai
SEG_aa94cb0ab4_009,SEG_aa94cb0ab4,11.358299188267136,79.55936086346992,Minor,Lower Colleron Anicut System
SEG_bb172f96d3_004,SEG_bb172f96d3,10.93193507399016,78.90909893959343,Minor,Pullambadi Canal
SEG_d703f4c9a0_038,SEG_d703f4c9a0,10.661899954021292,79.22682531807887,Branch Canal,Cauvery Mettur
SEG_f2fafdf6e9_049,SEG_f2fafdf6e9,10.53582370416209,79.30312856050423,Distributary,Cauvery Mettur
SEG_a1c305460e_032,SEG_a1c305460e,10.568204306625663,79.30998437534637,Branch Canal,Cauvery Mettur
SEG_f2fafdf6e9_118,SEG_f2fafdf6e9,10.44726205071954,79.36234406717514,Distributary,Cauvery Mettur
SEG_a1c305460e_061,SEG_a1c305460e,10.538862854563652,79.34712677624569,Branch Canal,Cauvery Mettur
SEG_edd9d7381d_007,SEG_edd9d7381d,11.125053517821502,79.48016571596865,Distributary,Cauvery Delta System
SEG_83c2fdf8de_005,SEG_83c2fdf8de,10.65173273042274,79.23971962009192,Distributary,Cauvery Mettur
SEG_a1c305460e_007,SEG_a1c305460e,10.58641588525298,79.26999413326784,Branch Canal,Cauvery Mettur
SEG_fef0b61042_004,SEG_fef0b61042,11.241627072774213,79.65615632103494,Distributary,Lower Colleron Anicut System
SEG_62ceafc79e_037,SEG_62ceafc79e,11.297350894876123,79.65859120055362,Main Canal,Lower Colleron Anicut System
SEG_a1c305460e_019,SEG_a1c305460e,10.582772891081389,79.29163280459775,Branch Canal,Cauvery Mettur
SEG_bb2d083299_005,SEG_bb2d083299,10.93745557321212,79.00148397351832,Distributary,Pullambadi Canal
SEG_a1c305460e_008,SEG_a1c305460e,10.585792225302034,79.27171111454172,Branch Canal,Cauvery Mettur
SEG_685ff0249e_004,SEG_685ff0249e,10.936767845312112,78.9737418971223,Minor,Pullambadi Canal
SEG_da34fcab83_015,SEG_da34fcab83,10.626642960586766,79.24106208507347,Branch Canal,Cauvery Mettur
SEG_401afa7a54_030,SEG_401afa7a54,10.744104900708388,79.22727387603884,Distributary,Cauvery Mettur
SEG_320fb56811_016,SEG_320fb56811,10.928098986830928,78.75276055102987,Main Canal,Pullambadi Canal
SEG_185d2295bb_005,SEG_185d2295bb,10.925170239833056,78.91922767900807,Distributary,Pullambadi Canal
SEG_f2fafdf6e9_031,SEG_f2fafdf6e9,10.55133776584844,79.2822042285961,Distributary,Cauvery Mettur
SEG_ea27f9c330_044,SEG_ea27f9c330,11.16974621507508,79.52987644125561,Minor,Cauvery Delta System
SEG_7704d19b24_011,SEG_7704d19b24,11.344727494369655,79.60567890240937,Minor,Lower Colleron Anicut System
SEG_a1c305460e_030,SEG_a1c305460e,10.570890966811277,79.30754371545014,Branch Canal,Cauvery Mettur
SEG_a1c305460e_056,SEG_a1c305460e,10.544008899551528,79.34013462206913,Branch Canal,Cauvery Mettur
SEG_121ad386ef_148,SEG_121ad386ef,10.927678566513991,78.81232884863944,Main Canal,Pullambadi Canal
SEG_39fd14b825_052,SEG_39fd14b825,11.190287276832487,79.52689329686598,Main Canal,Lower Colleron Anicut System
SEG_f2fafdf6e9_142,SEG_f2fafdf6e9,10.414303914223243,79.38431910087671,Distributary,Cauvery Mettur
SEG_3783821264_002,SEG_3783821264,10.732612249523884,78.70743332138643,Main Canal,Kattalai
SEG_073be8e241_053,SEG_073be8e241,11.22187526341258,79.61038182696718,Main Canal,Lower Colleron Anicut System
SEG_a1c305460e_003,SEG_a1c305460e,10.592003356997324,79.26562182659829,Branch Canal,Cauvery Mettur
SEG_d703f4c9a0_006,SEG_d703f4c9a0,10.71474295602559,79.21741459434422,Branch Canal,Cauvery Mettur
SEG_079fe720bb_015,SEG_079fe720bb,11.334377829511876,79.60632275803624,Minor,Lower Colleron Anicut System
SEG_f94e1ebbc4_000,SEG_f94e1ebbc4,10.739607393757728,78.73809617766287,Minor,Kattalai
SEG_a1c305460e_109,SEG_a1c305460e,10.482780280933644,79.40548638306366,Branch Canal,Cauvery Mettur
SEG_c60cbfef2b_424,SEG_c60cbfef2b,10.956744624764266,78.24321996345165,Main Canal,Kattalai
SEG_ea27f9c330_024,SEG_ea27f9c330,11.14495683925512,79.51388483737534,Minor,Cauvery Delta System
SEG_cac7a169c7_045,SEG_cac7a169c7,10.706732119424396,78.88116605567689,Main Canal,Kattalai
SEG_86f3014737_001,SEG_86f3014737,10.926232469899649,78.9916727647197,Minor,Pullambadi Canal
SEG_edd59143a1_006,SEG_edd59143a1,10.733185965155936,78.76842665211186,Main Canal,Kattalai
SEG_edd9d7381d_004,SEG_edd9d7381d,11.120011084255028,79.47797841438286,Distributary,Cauvery Delta System
SEG_88870b49a3_077,SEG_88870b49a3,11.185389369709185,79.58279335932502,Main Canal,Cauvery Delta System
SEG_f2fafdf6e9_011,SEG_f2fafdf6e9,10.577540654523476,79.26337561053715,Distributary,Cauvery Mettur
SEG_f2fafdf6e9_174,SEG_f2fafdf6e9,10.371382973204772,79.4140195632413,Distributary,Cauvery Mettur
SEG_c60cbfef2b_094,SEG_c60cbfef2b,10.75798033782214,78.60272028898576,Main Canal,Kattalai
SEG_2b63e0dfb7_003,SEG_2b63e0dfb7,10.959388210804024,78.89245580053279,Distributary,Pullambadi Canal
SEG_c60cbfef2b_390,SEG_c60cbfef2b,10.933845069109548,78.2954755891084,Main Canal,Kattalai
SEG_a1c305460e_082,SEG_a1c305460e,10.513443383386315,79.37082972274098,Branch Canal,Cauvery Mettur
SEG_c60cbfef2b_321,SEG_c60cbfef2b,10.917203395857422,78.3923114797931,Main Canal,Kattalai
SEG_da34fcab83_032,SEG_da34fcab83,10.602645603786424,79.25158838811089,Branch Canal,Cauvery Mettur
SEG_f2fafdf6e9_075,SEG_f2fafdf6e9,10.513021923780377,79.34179679135185,Distributary,Cauvery Mettur
SEG_ea27f9c330_018,SEG_ea27f9c330,11.142568030064048,79.50387147548973,Minor,Cauvery Delta System
SEG_f9f9b10fbf_004,SEG_f9f9b10fbf,10.723445412922914,78.7367314538331,Distributary,Kattalai
